Country or Area,Year,Area,Sex,City,City type,Record Type,Reliability,Source Year,Value,Value Footnotes
Austria,2017,Total,Both Sexes,Bregenz,City proper,Estimate - de jure,Final figure; complete,2017,29574,
Austria,2017,Total,Both Sexes,Eisenstadt,City proper,Estimate - de jure,Final figure; complete,2017,14339,
Austria,2017,Total,Both Sexes,Graz,City proper,Estimate - de jure,Final figure; complete,2017,283869,
Austria,2017,Total,Both Sexes,Innsbruck,City proper,Estimate - de jure,Final figure; complete,2017,132236,
Austria,2017,Total,Both Sexes,Klagenfurt,City proper,Estimate - de jure,Final figure; complete,2017,99790,
Austria,2017,Total,Both Sexes,Linz,City proper,Estimate - de jure,Final figure; complete,2017,203012,
Austria,2017,Total,Both Sexes,Salzburg,City proper,Estimate - de jure,Final figure; complete,2017,152367,
Austria,2017,Total,Both Sexes,Sankt Pölten,City proper,Estimate - de jure,Final figure; complete,2017,54213,
Austria,2017,Total,Both Sexes,WIEN,City proper,Estimate - de jure,Final figure; complete,2017,1867582,
Austria,2017,Total,Male,Bregenz,City proper,Estimate - de jure,Final figure; complete,2017,14286,
Austria,2017,Total,Male,Eisenstadt,City proper,Estimate - de jure,Final figure; complete,2017,6975,
Austria,2017,Total,Male,Graz,City proper,Estimate - de jure,Final figure; complete,2017,139418,
Austria,2017,Total,Male,Innsbruck,City proper,Estimate - de jure,Final figure; complete,2017,64471,
Austria,2017,Total,Male,Klagenfurt,City proper,Estimate - de jure,Final figure; complete,2017,47217,
Austria,2017,Total,Male,Linz,City proper,Estimate - de jure,Final figure; complete,2017,98157,
Austria,2017,Total,Male,Salzburg,City proper,Estimate - de jure,Final figure; complete,2017,73063,
Austria,2017,Total,Male,Sankt Pölten,City proper,Estimate - de jure,Final figure; complete,2017,26569,
Austria,2017,Total,Male,WIEN,City proper,Estimate - de jure,Final figure; complete,2017,909124,
Austria,2017,Total,Female,Bregenz,City proper,Estimate - de jure,Final figure; complete,2017,15288,
Austria,2017,Total,Female,Eisenstadt,City proper,Estimate - de jure,Final figure; complete,2017,7364,
Austria,2017,Total,Female,Graz,City proper,Estimate - de jure,Final figure; complete,2017,144451,
Austria,2017,Total,Female,Innsbruck,City proper,Estimate - de jure,Final figure; complete,2017,67765,
Austria,2017,Total,Female,Klagenfurt,City proper,Estimate - de jure,Final figure; complete,2017,52573,
Austria,2017,Total,Female,Linz,City proper,Estimate - de jure,Final figure; complete,2017,104855,
Austria,2017,Total,Female,Salzburg,City proper,Estimate - de jure,Final figure; complete,2017,79304,
Austria,2017,Total,Female,Sankt Pölten,City proper,Estimate - de jure,Final figure; complete,2017,27644,
Austria,2017,Total,Female,WIEN,City proper,Estimate - de jure,Final figure; complete,2017,958458,
Belarus,2017,Total,Both Sexes,Baranovichi,City proper,Estimate - de jure,Final figure; complete,2017,179439,
Belarus,2017,Total,Both Sexes,Bobruisk,City proper,Estimate - de jure,Final figure; complete,2017,217940,
Belarus,2017,Total,Both Sexes,Borisov,City proper,Estimate - de jure,Final figure; complete,2017,143287,
Belarus,2017,Total,Both Sexes,Brest,City proper,Estimate - de jure,Final figure; complete,2017,343985,
Belarus,2017,Total,Both Sexes,Gomel,Urban agglomeration,Estimate - de jure,Final figure; complete,2017,535229,
Belarus,2017,Total,Both Sexes,Grodno,City proper,Estimate - de jure,Final figure; complete,2017,368710,
Belarus,2017,Total,Both Sexes,Lida,City proper,Estimate - de jure,Final figure; complete,2017,101165,
Belarus,2017,Total,Both Sexes,MINSK,City proper,Estimate - de jure,Final figure; complete,2017,1974819,
Belarus,2017,Total,Both Sexes,Mogilev,City proper,Estimate - de jure,Final figure; complete,2017,380440,
Belarus,2017,Total,Both Sexes,Mozir,City proper,Estimate - de jure,Final figure; complete,2017,111801,
Belarus,2017,Total,Both Sexes,Novopolotsk,Urban agglomeration,Estimate - de jure,Final figure; complete,2017,108176,
Belarus,2017,Total,Both Sexes,Orsha,City proper,Estimate - de jure,Final figure; complete,2017,115938,
Belarus,2017,Total,Both Sexes,Pinsk,City proper,Estimate - de jure,Final figure; complete,2017,138202,
Belarus,2017,Total,Both Sexes,Soligorsk,City proper,Estimate - de jure,Final figure; complete,2017,106839,
Belarus,2017,Total,Both Sexes,Vitebsk,Urban agglomeration,Estimate - de jure,Final figure; complete,2017,377595,
Belarus,2017,Total,Male,Baranovichi,City proper,Estimate - de jure,Final figure; complete,2017,81421,
Belarus,2017,Total,Male,Bobruisk,City proper,Estimate - de jure,Final figure; complete,2017,101759,
Belarus,2017,Total,Male,Borisov,City proper,Estimate - de jure,Final figure; complete,2017,67250,
Belarus,2017,Total,Male,Brest,City proper,Estimate - de jure,Final figure; complete,2017,158983,
Belarus,2017,Total,Male,Gomel,Urban agglomeration,Estimate - de jure,Final figure; complete,2017,243894,
Belarus,2017,Total,Male,Grodno,City proper,Estimate - de jure,Final figure; complete,2017,167443,
Belarus,2017,Total,Male,Lida,City proper,Estimate - de jure,Final figure; complete,2017,47328,
Belarus,2017,Total,Male,MINSK,City proper,Estimate - de jure,Final figure; complete,2017,898977,
Belarus,2017,Total,Male,Mogilev,City proper,Estimate - de jure,Final figure; complete,2017,174680,
Belarus,2017,Total,Male,Mozir,City proper,Estimate - de jure,Final figure; complete,2017,53029,
Belarus,2017,Total,Male,Novopolotsk,Urban agglomeration,Estimate - de jure,Final figure; complete,2017,51585,
Belarus,2017,Total,Male,Orsha,City proper,Estimate - de jure,Final figure; complete,2017,53280,
Belarus,2017,Total,Male,Pinsk,City proper,Estimate - de jure,Final figure; complete,2017,63617,
Belarus,2017,Total,Male,Soligorsk,City proper,Estimate - de jure,Final figure; complete,2017,49970,
Belarus,2017,Total,Male,Vitebsk,Urban agglomeration,Estimate - de jure,Final figure; complete,2017,167279,
Belarus,2017,Total,Female,Baranovichi,City proper,Estimate - de jure,Final figure; complete,2017,98018,
Belarus,2017,Total,Female,Bobruisk,City proper,Estimate - de jure,Final figure; complete,2017,116181,
Belarus,2017,Total,Female,Borisov,City proper,Estimate - de jure,Final figure; complete,2017,76037,
Belarus,2017,Total,Female,Brest,City proper,Estimate - de jure,Final figure; complete,2017,185002,
Belarus,2017,Total,Female,Gomel,Urban agglomeration,Estimate - de jure,Final figure; complete,2017,291335,
Belarus,2017,Total,Female,Grodno,City proper,Estimate - de jure,Final figure; complete,2017,201267,
Belarus,2017,Total,Female,Lida,City proper,Estimate - de jure,Final figure; complete,2017,53837,
Belarus,2017,Total,Female,MINSK,City proper,Estimate - de jure,Final figure; complete,2017,1075842,
Belarus,2017,Total,Female,Mogilev,City proper,Estimate - de jure,Final figure; complete,2017,205760,
Belarus,2017,Total,Female,Mozir,City proper,Estimate - de jure,Final figure; complete,2017,58772,
Belarus,2017,Total,Female,Novopolotsk,Urban agglomeration,Estimate - de jure,Final figure; complete,2017,56591,
Belarus,2017,Total,Female,Orsha,City proper,Estimate - de jure,Final figure; complete,2017,62658,
Belarus,2017,Total,Female,Pinsk,City proper,Estimate - de jure,Final figure; complete,2017,74585,
Belarus,2017,Total,Female,Soligorsk,City proper,Estimate - de jure,Final figure; complete,2017,56869,
Belarus,2017,Total,Female,Vitebsk,Urban agglomeration,Estimate - de jure,Final figure; complete,2017,210316,
Bulgaria,2017,Total,Both Sexes,Burgas,City proper,Estimate - de jure,Final figure; complete,2017,202766,
Bulgaria,2017,Total,Both Sexes,Pleven,City proper,Estimate - de jure,Final figure; complete,2017,98467,
Bulgaria,2017,Total,Both Sexes,Plovdiv,City proper,Estimate - de jure,Final figure; complete,2017,343424,
Bulgaria,2017,Total,Both Sexes,Ruse,City proper,Estimate - de jure,Final figure; complete,2017,144936,
Bulgaria,2017,Total,Both Sexes,SOFIA,City proper,Estimate - de jure,Final figure; complete,2017,1236047,
Bulgaria,2017,Total,Both Sexes,Stara Zagora,City proper,Estimate - de jure,Final figure; complete,2017,136781,
Bulgaria,2017,Total,Both Sexes,Varna,City proper,Estimate - de jure,Final figure; complete,2017,335177,
Bulgaria,2017,Total,Male,Burgas,City proper,Estimate - de jure,Final figure; complete,2017,96717,
Bulgaria,2017,Total,Male,Pleven,City proper,Estimate - de jure,Final figure; complete,2017,47083,
Bulgaria,2017,Total,Male,Plovdiv,City proper,Estimate - de jure,Final figure; complete,2017,163208,
Bulgaria,2017,Total,Male,Ruse,City proper,Estimate - de jure,Final figure; complete,2017,70367,
Bulgaria,2017,Total,Male,SOFIA,City proper,Estimate - de jure,Final figure; complete,2017,590336,
Bulgaria,2017,Total,Male,Stara Zagora,City proper,Estimate - de jure,Final figure; complete,2017,65636,
Bulgaria,2017,Total,Male,Varna,City proper,Estimate - de jure,Final figure; complete,2017,162170,
Bulgaria,2017,Total,Female,Burgas,City proper,Estimate - de jure,Final figure; complete,2017,106049,
Bulgaria,2017,Total,Female,Pleven,City proper,Estimate - de jure,Final figure; complete,2017,51384,
Bulgaria,2017,Total,Female,Plovdiv,City proper,Estimate - de jure,Final figure; complete,2017,180216,
Bulgaria,2017,Total,Female,Ruse,City proper,Estimate - de jure,Final figure; complete,2017,74569,
Bulgaria,2017,Total,Female,SOFIA,City proper,Estimate - de jure,Final figure; complete,2017,645711,
Bulgaria,2017,Total,Female,Stara Zagora,City proper,Estimate - de jure,Final figure; complete,2017,71145,
Bulgaria,2017,Total,Female,Varna,City proper,Estimate - de jure,Final figure; complete,2017,173007,
Chile,2017,Total,Both Sexes,Alto Hospicio,City proper,Estimate - de facto,Final figure; complete,2017,124877,
Chile,2017,Total,Both Sexes,Antofagasta,City proper,Estimate - de facto,Final figure; complete,2017,388545,
Chile,2017,Total,Both Sexes,Arica,City proper,Estimate - de facto,Final figure; complete,2017,229689,
Chile,2017,Total,Both Sexes,Calama,City proper,Estimate - de facto,Final figure; complete,2017,180283,
Chile,2017,Total,Both Sexes,Chiguallante,City proper,Estimate - de facto,Final figure; complete,2017,101244,
Chile,2017,Total,Both Sexes,Chillán,City proper,Estimate - de facto,Final figure; complete,2017,159476,
Chile,2017,Total,Both Sexes,Concepción,City proper,Estimate - de facto,Final figure; complete,2017,220746,
Chile,2017,Total,Both Sexes,Coronel,City proper,Estimate - de facto,Final figure; complete,2017,109709,
Chile,2017,Total,Both Sexes,Copiapó,City proper,Estimate - de facto,Final figure; complete,2017,175162,
Chile,2017,Total,Both Sexes,Coquimbo,City proper,Estimate - de facto,Final figure; complete,2017,216623,
Chile,2017,Total,Both Sexes,Curicó,City proper,Estimate - de facto,Final figure; complete,2017,102710,
Chile,2017,Total,Both Sexes,Hualpén,City proper,Estimate - de facto,Final figure; complete,2017,108803,
Chile,2017,Total,Both Sexes,Iquique,City proper,Estimate - de facto,Final figure; complete,2017,196562,
Chile,2017,Total,Both Sexes,La Serena,City proper,Estimate - de facto,Final figure; complete,2017,205635,
Chile,2017,Total,Both Sexes,Los Ángeles,City proper,Estimate - de facto,Final figure; complete,2017,128933,
Chile,2017,Total,Both Sexes,Osorno,City proper,Estimate - de facto,Final figure; complete,2017,139550,
Chile,2017,Total,Both Sexes,Puente Alto,City proper,Estimate - de facto,Final figure; complete,2017,625551,
Chile,2017,Total,Both Sexes,Puerto Montt,City proper,Estimate - de facto,Final figure; complete,2017,213119,
Chile,2017,Total,Both Sexes,Punta Arenas,City proper,Estimate - de facto,Final figure; complete,2017,124169,
Chile,2017,Total,Both Sexes,Quilpué,City proper,Estimate - de facto,Final figure; complete,2017,172049,
Chile,2017,Total,Both Sexes,Rancagua,City proper,Estimate - de facto,Final figure; complete,2017,225563,
Chile,2017,Total,Both Sexes,San Bernardo,City proper,Estimate - de facto,Final figure; complete,2017,296583,
Chile,2017,Total,Both Sexes,San Pedro de la Paz,City proper,Estimate - de facto,Final figure; complete,2017,139174,
Chile,2017,Total,Both Sexes,SANTIAGO,City proper,Estimate - de facto,Final figure; complete,2017,5613962,1
Chile,2017,Total,Both Sexes,Talca,City proper,Estimate - de facto,Final figure; complete,2017,203873,
Chile,2017,Total,Both Sexes,Talcahuano,City proper,Estimate - de facto,Final figure; complete,2017,92843,
Chile,2017,Total,Both Sexes,Temuco,City proper,Estimate - de facto,Final figure; complete,2017,221375,
Chile,2017,Total,Both Sexes,Valdivia,City proper,Estimate - de facto,Final figure; complete,2017,143207,
Chile,2017,Total,Both Sexes,Valparaíso,City proper,Estimate - de facto,Final figure; complete,2017,295113,
Chile,2017,Total,Both Sexes,Villa Alemana,City proper,Estimate - de facto,Final figure; complete,2017,144417,
Chile,2017,Total,Both Sexes,Viña del Mar,City proper,Estimate - de facto,Final figure; complete,2017,326759,
Chile,2017,Total,Male,Alto Hospicio,City proper,Estimate - de facto,Final figure; complete,2017,63281,
Chile,2017,Total,Male,Antofagasta,City proper,Estimate - de facto,Final figure; complete,2017,205983,
Chile,2017,Total,Male,Arica,City proper,Estimate - de facto,Final figure; complete,2017,114441,
Chile,2017,Total,Male,Calama,City proper,Estimate - de facto,Final figure; complete,2017,91633,
Chile,2017,Total,Male,Chiguallante,City proper,Estimate - de facto,Final figure; complete,2017,48160,
Chile,2017,Total,Male,Chillán,City proper,Estimate - de facto,Final figure; complete,2017,75030,
Chile,2017,Total,Male,Concepción,City proper,Estimate - de facto,Final figure; complete,2017,104151,
Chile,2017,Total,Male,Coronel,City proper,Estimate - de facto,Final figure; complete,2017,51462,
Chile,2017,Total,Male,Copiapó,City proper,Estimate - de facto,Final figure; complete,2017,88912,
Chile,2017,Total,Male,Coquimbo,City proper,Estimate - de facto,Final figure; complete,2017,105602,
Chile,2017,Total,Male,Curicó,City proper,Estimate - de facto,Final figure; complete,2017,49371,
Chile,2017,Total,Male,Hualpén,City proper,Estimate - de facto,Final figure; complete,2017,50733,
Chile,2017,Total,Male,Iquique,City proper,Estimate - de facto,Final figure; complete,2017,98599,
Chile,2017,Total,Male,La Serena,City proper,Estimate - de facto,Final figure; complete,2017,100151,
Chile,2017,Total,Male,Los Ángeles,City proper,Estimate - de facto,Final figure; complete,2017,61836,
Chile,2017,Total,Male,Osorno,City proper,Estimate - de facto,Final figure; complete,2017,66890,
Chile,2017,Total,Male,Puente Alto,City proper,Estimate - de facto,Final figure; complete,2017,308490,
Chile,2017,Total,Male,Puerto Montt,City proper,Estimate - de facto,Final figure; complete,2017,106266,
Chile,2017,Total,Male,Punta Arenas,City proper,Estimate - de facto,Final figure; complete,2017,61603,
Chile,2017,Total,Male,Quilpué,City proper,Estimate - de facto,Final figure; complete,2017,83317,
Chile,2017,Total,Male,Rancagua,City proper,Estimate - de facto,Final figure; complete,2017,112119,
Chile,2017,Total,Male,San Bernardo,City proper,Estimate - de facto,Final figure; complete,2017,147549,
Chile,2017,Total,Male,San Pedro de la Paz,City proper,Estimate - de facto,Final figure; complete,2017,64934,
Chile,2017,Total,Male,SANTIAGO,City proper,Estimate - de facto,Final figure; complete,2017,2723688,1
Chile,2017,Total,Male,Talca,City proper,Estimate - de facto,Final figure; complete,2017,97557,
Chile,2017,Total,Male,Talcahuano,City proper,Estimate - de facto,Final figure; complete,2017,43260,
Chile,2017,Total,Male,Temuco,City proper,Estimate - de facto,Final figure; complete,2017,105706,
Chile,2017,Total,Male,Valdivia,City proper,Estimate - de facto,Final figure; complete,2017,69519,
Chile,2017,Total,Male,Valparaíso,City proper,Estimate - de facto,Final figure; complete,2017,147418,
Chile,2017,Total,Male,Villa Alemana,City proper,Estimate - de facto,Final figure; complete,2017,70578,
Chile,2017,Total,Male,Viña del Mar,City proper,Estimate - de facto,Final figure; complete,2017,157481,
Chile,2017,Total,Female,Alto Hospicio,City proper,Estimate - de facto,Final figure; complete,2017,61596,
Chile,2017,Total,Female,Antofagasta,City proper,Estimate - de facto,Final figure; complete,2017,182562,
Chile,2017,Total,Female,Arica,City proper,Estimate - de facto,Final figure; complete,2017,115248,
Chile,2017,Total,Female,Calama,City proper,Estimate - de facto,Final figure; complete,2017,88650,
Chile,2017,Total,Female,Chiguallante,City proper,Estimate - de facto,Final figure; complete,2017,53084,
Chile,2017,Total,Female,Chillán,City proper,Estimate - de facto,Final figure; complete,2017,84446,
Chile,2017,Total,Female,Concepción,City proper,Estimate - de facto,Final figure; complete,2017,116595,
Chile,2017,Total,Female,Coronel,City proper,Estimate - de facto,Final figure; complete,2017,58247,
Chile,2017,Total,Female,Copiapó,City proper,Estimate - de facto,Final figure; complete,2017,86250,
Chile,2017,Total,Female,Coquimbo,City proper,Estimate - de facto,Final figure; complete,2017,111021,
Chile,2017,Total,Female,Curicó,City proper,Estimate - de facto,Final figure; complete,2017,53339,
Chile,2017,Total,Female,Hualpén,City proper,Estimate - de facto,Final figure; complete,2017,58070,
Chile,2017,Total,Female,Iquique,City proper,Estimate - de facto,Final figure; complete,2017,97963,
Chile,2017,Total,Female,La Serena,City proper,Estimate - de facto,Final figure; complete,2017,105484,
Chile,2017,Total,Female,Los Ángeles,City proper,Estimate - de facto,Final figure; complete,2017,67097,
Chile,2017,Total,Female,Osorno,City proper,Estimate - de facto,Final figure; complete,2017,72660,
Chile,2017,Total,Female,Puente Alto,City proper,Estimate - de facto,Final figure; complete,2017,317061,
Chile,2017,Total,Female,Puerto Montt,City proper,Estimate - de facto,Final figure; complete,2017,106853,
Chile,2017,Total,Female,Punta Arenas,City proper,Estimate - de facto,Final figure; complete,2017,62566,
Chile,2017,Total,Female,Quilpué,City proper,Estimate - de facto,Final figure; complete,2017,88732,
Chile,2017,Total,Female,Rancagua,City proper,Estimate - de facto,Final figure; complete,2017,113444,
Chile,2017,Total,Female,San Bernardo,City proper,Estimate - de facto,Final figure; complete,2017,149034,
Chile,2017,Total,Female,San Pedro de la Paz,City proper,Estimate - de facto,Final figure; complete,2017,74240,
Chile,2017,Total,Female,SANTIAGO,City proper,Estimate - de facto,Final figure; complete,2017,2890274,1
Chile,2017,Total,Female,Talca,City proper,Estimate - de facto,Final figure; complete,2017,106316,
Chile,2017,Total,Female,Talcahuano,City proper,Estimate - de facto,Final figure; complete,2017,49583,
Chile,2017,Total,Female,Temuco,City proper,Estimate - de facto,Final figure; complete,2017,115669,
Chile,2017,Total,Female,Valdivia,City proper,Estimate - de facto,Final figure; complete,2017,73688,
Chile,2017,Total,Female,Valparaíso,City proper,Estimate - de facto,Final figure; complete,2017,147695,
Chile,2017,Total,Female,Villa Alemana,City proper,Estimate - de facto,Final figure; complete,2017,73839,
Chile,2017,Total,Female,Viña del Mar,City proper,Estimate - de facto,Final figure; complete,2017,169278,
Costa Rica,2017,Total,Both Sexes,Alajuela,City proper,Estimate - de jure,Final figure; complete,2017,302074,2
Costa Rica,2017,Total,Both Sexes,Alajuelita,City proper,Estimate - de jure,Final figure; complete,2017,90543,2
Costa Rica,2017,Total,Both Sexes,Cartago,City proper,Estimate - de jure,Final figure; complete,2017,160457,2
Costa Rica,2017,Total,Both Sexes,Desamparados,City proper,Estimate - de jure,Final figure; complete,2017,238312,2
Costa Rica,2017,Total,Both Sexes,Goicoechea,City proper,Estimate - de jure,Final figure; complete,2017,134855,2
Costa Rica,2017,Total,Both Sexes,Heredia,City proper,Estimate - de jure,Final figure; complete,2017,138562,2
Costa Rica,2017,Total,Both Sexes,La Unión,City proper,Estimate - de jure,Final figure; complete,2017,108990,2
Costa Rica,2017,Total,Both Sexes,Limón,City proper,Estimate - de jure,Final figure; complete,2017,98848,2
Costa Rica,2017,Total,Both Sexes,Pavas,City proper,Estimate - de jure,Final figure; complete,2017,85101,2
Costa Rica,2017,Total,Both Sexes,Pérez Zeledón,City proper,Estimate - de jure,Final figure; complete,2017,142550,2
Costa Rica,2017,Total,Both Sexes,Puntarenas,City proper,Estimate - de jure,Final figure; complete,2017,134400,2
Costa Rica,2017,Total,Both Sexes,San Carlos,City proper,Estimate - de jure,Final figure; complete,2017,191126,2
Costa Rica,2017,Total,Both Sexes,SAN JOSÉ,City proper,Estimate - de jure,Final figure; complete,2017,339581,2
Costa Rica,2017,Total,Both Sexes,Pococí,City proper,Estimate - de jure,Final figure; complete,2017,144339,2
Costa Rica,2017,Total,Male,Alajuela,City proper,Estimate - de jure,Final figure; complete,2017,153271,2
Costa Rica,2017,Total,Male,Alajuelita,City proper,Estimate - de jure,Final figure; complete,2017,45686,2
Costa Rica,2017,Total,Male,Cartago,City proper,Estimate - de jure,Final figure; complete,2017,80593,2
Costa Rica,2017,Total,Male,Desamparados,City proper,Estimate - de jure,Final figure; complete,2017,118840,2
Costa Rica,2017,Total,Male,Goicoechea,City proper,Estimate - de jure,Final figure; complete,2017,66498,2
Costa Rica,2017,Total,Male,Heredia,City proper,Estimate - de jure,Final figure; complete,2017,68164,2
Costa Rica,2017,Total,Male,La Unión,City proper,Estimate - de jure,Final figure; complete,2017,54724,2
Costa Rica,2017,Total,Male,Limón,City proper,Estimate - de jure,Final figure; complete,2017,49302,2
Costa Rica,2017,Total,Male,Pavas,City proper,Estimate - de jure,Final figure; complete,2017,42204,2
Costa Rica,2017,Total,Male,Pérez Zeledón,City proper,Estimate - de jure,Final figure; complete,2017,71159,2
Costa Rica,2017,Total,Male,Puntarenas,City proper,Estimate - de jure,Final figure; complete,2017,68897,2
Costa Rica,2017,Total,Male,San Carlos,City proper,Estimate - de jure,Final figure; complete,2017,98205,2
Costa Rica,2017,Total,Male,SAN JOSÉ,City proper,Estimate - de jure,Final figure; complete,2017,168055,2
Costa Rica,2017,Total,Male,Pococí,City proper,Estimate - de jure,Final figure; complete,2017,74936,2
Costa Rica,2017,Total,Female,Alajuela,City proper,Estimate - de jure,Final figure; complete,2017,148803,2
Costa Rica,2017,Total,Female,Alajuelita,City proper,Estimate - de jure,Final figure; complete,2017,44857,2
Costa Rica,2017,Total,Female,Cartago,City proper,Estimate - de jure,Final figure; complete,2017,79864,2
Costa Rica,2017,Total,Female,Desamparados,City proper,Estimate - de jure,Final figure; complete,2017,119472,2
Costa Rica,2017,Total,Female,Goicoechea,City proper,Estimate - de jure,Final figure; complete,2017,68357,2
Costa Rica,2017,Total,Female,Heredia,City proper,Estimate - de jure,Final figure; complete,2017,70398,2
Costa Rica,2017,Total,Female,La Unión,City proper,Estimate - de jure,Final figure; complete,2017,54266,2
Costa Rica,2017,Total,Female,Limón,City proper,Estimate - de jure,Final figure; complete,2017,49546,2
Costa Rica,2017,Total,Female,Pavas,City proper,Estimate - de jure,Final figure; complete,2017,42897,2
Costa Rica,2017,Total,Female,Pérez Zeledón,City proper,Estimate - de jure,Final figure; complete,2017,71391,2
Costa Rica,2017,Total,Female,Puntarenas,City proper,Estimate - de jure,Final figure; complete,2017,65503,2
Costa Rica,2017,Total,Female,San Carlos,City proper,Estimate - de jure,Final figure; complete,2017,92921,2
Costa Rica,2017,Total,Female,SAN JOSÉ,City proper,Estimate - de jure,Final figure; complete,2017,171526,2
Costa Rica,2017,Total,Female,Pococí,City proper,Estimate - de jure,Final figure; complete,2017,69403,2
Czechia,2017,Total,Both Sexes,Brno,City proper,Estimate - de jure,Final figure; complete,2017,377973,
Czechia,2017,Total,Both Sexes,Hradec Králové,City proper,Estimate - de jure,Final figure; complete,2017,92929,
Czechia,2017,Total,Both Sexes,Liberec,City proper,Estimate - de jure,Final figure; complete,2017,103853,
Czechia,2017,Total,Both Sexes,Olomouc,City proper,Estimate - de jure,Final figure; complete,2017,100378,
Czechia,2017,Total,Both Sexes,Ústí nad Labem,City proper,Estimate - de jure,Final figure; complete,2017,92984,
Czechia,2017,Total,Both Sexes,Ostrava,City proper,Estimate - de jure,Final figure; complete,2017,291634,
Czechia,2017,Total,Both Sexes,Plzen,City proper,Estimate - de jure,Final figure; complete,2017,170548,
Czechia,2017,Total,Both Sexes,PRAHA,City proper,Estimate - de jure,Final figure; complete,2017,1280508,
Czechia,2017,Total,Male,Brno,City proper,Estimate - de jure,Final figure; complete,2017,182549,
Czechia,2017,Total,Male,Hradec Králové,City proper,Estimate - de jure,Final figure; complete,2017,44582,
Czechia,2017,Total,Male,Liberec,City proper,Estimate - de jure,Final figure; complete,2017,50212,
Czechia,2017,Total,Male,Olomouc,City proper,Estimate - de jure,Final figure; complete,2017,47473,
Czechia,2017,Total,Male,Ústí nad Labem,City proper,Estimate - de jure,Final figure; complete,2017,45110,
Czechia,2017,Total,Male,Ostrava,City proper,Estimate - de jure,Final figure; complete,2017,141268,
Czechia,2017,Total,Male,Plzen,City proper,Estimate - de jure,Final figure; complete,2017,82946,
Czechia,2017,Total,Male,PRAHA,City proper,Estimate - de jure,Final figure; complete,2017,621565,
Czechia,2017,Total,Female,Brno,City proper,Estimate - de jure,Final figure; complete,2017,195424,
Czechia,2017,Total,Female,Hradec Králové,City proper,Estimate - de jure,Final figure; complete,2017,48347,
Czechia,2017,Total,Female,Liberec,City proper,Estimate - de jure,Final figure; complete,2017,53641,
Czechia,2017,Total,Female,Olomouc,City proper,Estimate - de jure,Final figure; complete,2017,52905,
Czechia,2017,Total,Female,Ústí nad Labem,City proper,Estimate - de jure,Final figure; complete,2017,47874,
Czechia,2017,Total,Female,Ostrava,City proper,Estimate - de jure,Final figure; complete,2017,150366,
Czechia,2017,Total,Female,Plzen,City proper,Estimate - de jure,Final figure; complete,2017,87602,
Czechia,2017,Total,Female,PRAHA,City proper,Estimate - de jure,Final figure; complete,2017,658943,
Denmark,2017,Total,Both Sexes,Ålborg,City proper,Estimate - de jure,Final figure; complete,2017,211684,3;4
Denmark,2017,Total,Both Sexes,Århus,City proper,Estimate - de jure,Final figure; complete,2017,336411,3;4
Denmark,2017,Total,Both Sexes,Esbjerg,City proper,Estimate - de jure,Final figure; complete,2017,115932,3;4
Denmark,2017,Total,Both Sexes,Frederiksberg,City proper,Estimate - de jure,Final figure; complete,2017,104641,3;4
Denmark,2017,Total,Both Sexes,KOBENHAVN,City proper,Estimate - de jure,Final figure; complete,2017,605366,3;4
Denmark,2017,Total,Both Sexes,Odense,City proper,Estimate - de jure,Final figure; complete,2017,200703,3;4
Denmark,2017,Total,Both Sexes,Vejle,City proper,Estimate - de jure,Final figure; complete,2017,113720,3;4
Denmark,2017,Total,Male,Ålborg,City proper,Estimate - de jure,Final figure; complete,2017,106646,3;4
Denmark,2017,Total,Male,Århus,City proper,Estimate - de jure,Final figure; complete,2017,165599,3;4
Denmark,2017,Total,Male,Esbjerg,City proper,Estimate - de jure,Final figure; complete,2017,58121,3;4
Denmark,2017,Total,Male,Frederiksberg,City proper,Estimate - de jure,Final figure; complete,2017,49601,3;4
Denmark,2017,Total,Male,KOBENHAVN,City proper,Estimate - de jure,Final figure; complete,2017,299235,3;4
Denmark,2017,Total,Male,Odense,City proper,Estimate - de jure,Final figure; complete,2017,99049,3;4
Denmark,2017,Total,Male,Vejle,City proper,Estimate - de jure,Final figure; complete,2017,56941,3;4
Denmark,2017,Total,Female,Ålborg,City proper,Estimate - de jure,Final figure; complete,2017,105038,3;4
Denmark,2017,Total,Female,Århus,City proper,Estimate - de jure,Final figure; complete,2017,170812,3;4
Denmark,2017,Total,Female,Esbjerg,City proper,Estimate - de jure,Final figure; complete,2017,57811,3;4
Denmark,2017,Total,Female,Frederiksberg,City proper,Estimate - de jure,Final figure; complete,2017,55040,3;4
Denmark,2017,Total,Female,KOBENHAVN,City proper,Estimate - de jure,Final figure; complete,2017,306131,3;4
Denmark,2017,Total,Female,Odense,City proper,Estimate - de jure,Final figure; complete,2017,101654,3;4
Denmark,2017,Total,Female,Vejle,City proper,Estimate - de jure,Final figure; complete,2017,56779,3;4
El Salvador,2017,Total,Both Sexes,Ahuachapán,City proper,Estimate - de jure,Final figure; complete,2017,129750,
El Salvador,2017,Total,Both Sexes,Apopa,City proper,Estimate - de jure,Final figure; complete,2017,185073,
El Salvador,2017,Total,Both Sexes,Ciudad Delgado,City proper,Estimate - de jure,Final figure; complete,2017,128012,
El Salvador,2017,Total,Both Sexes,Cuscatancingo,City proper,Estimate - de jure,Final figure; complete,2017,83119,
El Salvador,2017,Total,Both Sexes,Ilopango,City proper,Estimate - de jure,Final figure; complete,2017,135703,
El Salvador,2017,Total,Both Sexes,Mejicanos,City proper,Estimate - de jure,Final figure; complete,2017,144872,
El Salvador,2017,Total,Both Sexes,Santa Tecla,City proper,Estimate - de jure,Final figure; complete,2017,138695,
El Salvador,2017,Total,Both Sexes,San Martin,City proper,Estimate - de jure,Final figure; complete,2017,103245,
El Salvador,2017,Total,Both Sexes,San Miguel,City proper,Estimate - de jure,Final figure; complete,2017,265921,
El Salvador,2017,Total,Both Sexes,SAN SALVADOR,City proper,Estimate - de jure,Final figure; complete,2017,238244,
El Salvador,2017,Total,Both Sexes,Santa Ana,City proper,Estimate - de jure,Final figure; complete,2017,272554,
El Salvador,2017,Total,Both Sexes,Sonsonate,City proper,Estimate - de jure,Final figure; complete,2017,72951,
El Salvador,2017,Total,Both Sexes,Soyapango,City proper,Estimate - de jure,Final figure; complete,2017,283223,
El Salvador,2017,Total,Male,Ahuachapán,City proper,Estimate - de jure,Final figure; complete,2017,61829,
El Salvador,2017,Total,Male,Apopa,City proper,Estimate - de jure,Final figure; complete,2017,84297,
El Salvador,2017,Total,Male,Ciudad Delgado,City proper,Estimate - de jure,Final figure; complete,2017,59141,
El Salvador,2017,Total,Male,Cuscatancingo,City proper,Estimate - de jure,Final figure; complete,2017,37824,
El Salvador,2017,Total,Male,Ilopango,City proper,Estimate - de jure,Final figure; complete,2017,61394,
El Salvador,2017,Total,Male,Mejicanos,City proper,Estimate - de jure,Final figure; complete,2017,65747,
El Salvador,2017,Total,Male,Santa Tecla,City proper,Estimate - de jure,Final figure; complete,2017,62884,
El Salvador,2017,Total,Male,San Martin,City proper,Estimate - de jure,Final figure; complete,2017,47568,
El Salvador,2017,Total,Male,San Miguel,City proper,Estimate - de jure,Final figure; complete,2017,123506,
El Salvador,2017,Total,Male,SAN SALVADOR,City proper,Estimate - de jure,Final figure; complete,2017,108919,
El Salvador,2017,Total,Male,Santa Ana,City proper,Estimate - de jure,Final figure; complete,2017,129805,
El Salvador,2017,Total,Male,Sonsonate,City proper,Estimate - de jure,Final figure; complete,2017,34101,
El Salvador,2017,Total,Male,Soyapango,City proper,Estimate - de jure,Final figure; complete,2017,128956,
El Salvador,2017,Total,Female,Ahuachapán,City proper,Estimate - de jure,Final figure; complete,2017,67921,
El Salvador,2017,Total,Female,Apopa,City proper,Estimate - de jure,Final figure; complete,2017,100776,
El Salvador,2017,Total,Female,Ciudad Delgado,City proper,Estimate - de jure,Final figure; complete,2017,68871,
El Salvador,2017,Total,Female,Cuscatancingo,City proper,Estimate - de jure,Final figure; complete,2017,45295,
El Salvador,2017,Total,Female,Ilopango,City proper,Estimate - de jure,Final figure; complete,2017,74309,
El Salvador,2017,Total,Female,Mejicanos,City proper,Estimate - de jure,Final figure; complete,2017,79125,
El Salvador,2017,Total,Female,Santa Tecla,City proper,Estimate - de jure,Final figure; complete,2017,75811,
El Salvador,2017,Total,Female,San Martin,City proper,Estimate - de jure,Final figure; complete,2017,55677,
El Salvador,2017,Total,Female,San Miguel,City proper,Estimate - de jure,Final figure; complete,2017,142415,
El Salvador,2017,Total,Female,SAN SALVADOR,City proper,Estimate - de jure,Final figure; complete,2017,129325,
El Salvador,2017,Total,Female,Santa Ana,City proper,Estimate - de jure,Final figure; complete,2017,142749,
El Salvador,2017,Total,Female,Sonsonate,City proper,Estimate - de jure,Final figure; complete,2017,38850,
El Salvador,2017,Total,Female,Soyapango,City proper,Estimate - de jure,Final figure; complete,2017,154267,
Estonia,2017,Total,Both Sexes,TALLINN,City proper,Estimate - de jure,Final figure; complete,2017,426538,
Estonia,2017,Total,Both Sexes,Tartu,City proper,Estimate - de jure,Final figure; complete,2017,93124,
Estonia,2017,Total,Male,TALLINN,City proper,Estimate - de jure,Final figure; complete,2017,191558,
Estonia,2017,Total,Male,Tartu,City proper,Estimate - de jure,Final figure; complete,2017,41311,
Estonia,2017,Total,Female,TALLINN,City proper,Estimate - de jure,Final figure; complete,2017,234980,
Estonia,2017,Total,Female,Tartu,City proper,Estimate - de jure,Final figure; complete,2017,51813,
Liechtenstein,2017,Total,Both Sexes,VADUZ,City proper,Estimate - de jure,Final figure; complete,2017,5450,
Liechtenstein,2017,Total,Male,VADUZ,City proper,Estimate - de jure,Final figure; complete,2017,2650,
Liechtenstein,2017,Total,Female,VADUZ,City proper,Estimate - de jure,Final figure; complete,2017,2800,
Luxembourg,2017,Total,Both Sexes,LUXEMBOURG-VILLE,City proper,Estimate - de jure,Final figure; complete,2017,114303,
Luxembourg,2017,Total,Male,LUXEMBOURG-VILLE,City proper,Estimate - de jure,Final figure; complete,2017,58507,
Luxembourg,2017,Total,Female,LUXEMBOURG-VILLE,City proper,Estimate - de jure,Final figure; complete,2017,55796,
Maldives,2017,Total,Both Sexes,MALÉ,City proper,Estimate - de facto,Final figure; complete,2017,142908.7399,
Maldives,2017,Total,Male,MALÉ,City proper,Estimate - de facto,Final figure; complete,2017,71326.47878,
Maldives,2017,Total,Female,MALÉ,City proper,Estimate - de facto,Final figure; complete,2017,71582.26116,
Pakistan,2017,Total,Both Sexes,Faisalabad (Lyallpur),City proper,Census - de facto - complete tabulation,Provisional figure,2017,3203846,
Pakistan,2017,Total,Both Sexes,Gujranwala,City proper,Census - de facto - complete tabulation,Provisional figure,2017,2027001,
Pakistan,2017,Total,Both Sexes,Hyderabad,City proper,Census - de facto - complete tabulation,Provisional figure,2017,1732693,
Pakistan,2017,Total,Both Sexes,ISLAMABAD,City proper,Census - de facto - complete tabulation,Provisional figure,2017,1014825,
Pakistan,2017,Total,Both Sexes,Karachi,City proper,Census - de facto - complete tabulation,Provisional figure,2017,14910352,
Pakistan,2017,Total,Both Sexes,Lahore,City proper,Census - de facto - complete tabulation,Provisional figure,2017,11126285,
Pakistan,2017,Total,Both Sexes,Multan,City proper,Census - de facto - complete tabulation,Provisional figure,2017,1871843,
Pakistan,2017,Total,Both Sexes,Peshawar,City proper,Census - de facto - complete tabulation,Provisional figure,2017,1970042,
Pakistan,2017,Total,Both Sexes,Quetta,City proper,Census - de facto - complete tabulation,Provisional figure,2017,1001205,
Pakistan,2017,Total,Both Sexes,Rawalpindi,City proper,Census - de facto - complete tabulation,Provisional figure,2017,2098231,
Republic of Korea,2017,Total,Both Sexes,Busan (Pusan),City proper,Estimate - de jure,Final figure; complete,2017,3428923,
Republic of Korea,2017,Total,Both Sexes,Daegu (Taegu),City proper,Estimate - de jure,Final figure; complete,2017,2465268,
Republic of Korea,2017,Total,Both Sexes,Daejeon (Taejon),City proper,Estimate - de jure,Final figure; complete,2017,1531256,
Republic of Korea,2017,Total,Both Sexes,Gwangju (Kwangchu),City proper,Estimate - de jure,Final figure; complete,2017,1500977,
Republic of Korea,2017,Total,Both Sexes,Incheon,City proper,Estimate - de jure,Final figure; complete,2017,2923047,
Republic of Korea,2017,Total,Both Sexes,Jeju (Cheju),City proper,Estimate - de jure,Final figure; complete,2017,634161,
Republic of Korea,2017,Total,Both Sexes,Sejong,City proper,Estimate - de jure,Final figure; complete,2017,275594,
Republic of Korea,2017,Total,Both Sexes,SEOUL,City proper,Estimate - de jure,Final figure; complete,2017,9776305,
Republic of Korea,2017,Total,Both Sexes,Ulsan,City proper,Estimate - de jure,Final figure; complete,2017,1165646,
Republic of Korea,2017,Total,Male,Busan (Pusan),City proper,Estimate - de jure,Final figure; complete,2017,1688567,
Republic of Korea,2017,Total,Male,Daegu (Taegu),City proper,Estimate - de jure,Final figure; complete,2017,1226252,
Republic of Korea,2017,Total,Male,Daejeon (Taejon),City proper,Estimate - de jure,Final figure; complete,2017,768766,
Republic of Korea,2017,Total,Male,Gwangju (Kwangchu),City proper,Estimate - de jure,Final figure; complete,2017,748034,
Republic of Korea,2017,Total,Male,Incheon,City proper,Estimate - de jure,Final figure; complete,2017,1470976,
Republic of Korea,2017,Total,Male,Jeju (Cheju),City proper,Estimate - de jure,Final figure; complete,2017,320174,
Republic of Korea,2017,Total,Male,Sejong,City proper,Estimate - de jure,Final figure; complete,2017,138558,
Republic of Korea,2017,Total,Male,SEOUL,City proper,Estimate - de jure,Final figure; complete,2017,4785234,
Republic of Korea,2017,Total,Male,Ulsan,City proper,Estimate - de jure,Final figure; complete,2017,605925,
Republic of Korea,2017,Total,Female,Busan (Pusan),City proper,Estimate - de jure,Final figure; complete,2017,1740356,
Republic of Korea,2017,Total,Female,Daegu (Taegu),City proper,Estimate - de jure,Final figure; complete,2017,1239016,
Republic of Korea,2017,Total,Female,Daejeon (Taejon),City proper,Estimate - de jure,Final figure; complete,2017,762490,
Republic of Korea,2017,Total,Female,Gwangju (Kwangchu),City proper,Estimate - de jure,Final figure; complete,2017,752943,
Republic of Korea,2017,Total,Female,Incheon,City proper,Estimate - de jure,Final figure; complete,2017,1452071,
Republic of Korea,2017,Total,Female,Jeju (Cheju),City proper,Estimate - de jure,Final figure; complete,2017,313987,
Republic of Korea,2017,Total,Female,Sejong,City proper,Estimate - de jure,Final figure; complete,2017,137036,
Republic of Korea,2017,Total,Female,SEOUL,City proper,Estimate - de jure,Final figure; complete,2017,4991071,
Republic of Korea,2017,Total,Female,Ulsan,City proper,Estimate - de jure,Final figure; complete,2017,559721,
San Marino,2017,Total,Both Sexes,SAN MARINO,City proper,Estimate - de jure,Final figure; complete,2017,4109,
San Marino,2017,Total,Male,SAN MARINO,City proper,Estimate - de jure,Final figure; complete,2017,2010,
San Marino,2017,Total,Female,SAN MARINO,City proper,Estimate - de jure,Final figure; complete,2017,2099,
Switzerland,2017,Total,Both Sexes,Baden-Brugg,City proper,Estimate - de jure,Final figure; complete,2017,30426,
Switzerland,2017,Total,Both Sexes,Baden-Brugg,Urban agglomeration,Estimate - de jure,Final figure; complete,2017,110347,5
Switzerland,2017,Total,Both Sexes,Bâle,City proper,Estimate - de jure,Final figure; complete,2017,171017,
Switzerland,2017,Total,Both Sexes,Bâle,Urban agglomeration,Estimate - de jure,Final figure; complete,2017,545326,5
Switzerland,2017,Total,Both Sexes,BERNE,City proper,Estimate - de jure,Final figure; complete,2017,133115,
Switzerland,2017,Total,Both Sexes,BERNE,Urban agglomeration,Estimate - de jure,Final figure; complete,2017,415485,5
Switzerland,2017,Total,Both Sexes,Fribourg,City proper,Estimate - de jure,Final figure; complete,2017,38829,
Switzerland,2017,Total,Both Sexes,Fribourg,Urban agglomeration,Estimate - de jure,Final figure; complete,2017,108998,5
Switzerland,2017,Total,Both Sexes,Genève,City proper,Estimate - de jure,Final figure; complete,2017,198979,
Switzerland,2017,Total,Both Sexes,Genève,Urban agglomeration,Estimate - de jure,Final figure; complete,2017,585400,5
Switzerland,2017,Total,Both Sexes,Lausanne,City proper,Estimate - de jure,Final figure; complete,2017,137810,
Switzerland,2017,Total,Both Sexes,Lausanne,Urban agglomeration,Estimate - de jure,Final figure; complete,2017,415620,5
Switzerland,2017,Total,Both Sexes,Lugano,City proper,Estimate - de jure,Final figure; complete,2017,63932,
Switzerland,2017,Total,Both Sexes,Lugano,Urban agglomeration,Estimate - de jure,Final figure; complete,2017,151708,5
Switzerland,2017,Total,Both Sexes,Luzern,City proper,Estimate - de jure,Final figure; complete,2017,81592,
Switzerland,2017,Total,Both Sexes,Luzern,Urban agglomeration,Estimate - de jure,Final figure; complete,2017,228321,5
Switzerland,2017,Total,Both Sexes,Olten-Zofingen,City proper,Estimate - de jure,Final figure; complete,2017,29726,
Switzerland,2017,Total,Both Sexes,Olten-Zofingen,Urban agglomeration,Estimate - de jure,Final figure; complete,2017,99806,5
Switzerland,2017,Total,Both Sexes,St. Gallen,City proper,Estimate - de jure,Final figure; complete,2017,75481,
Switzerland,2017,Total,Both Sexes,St. Gallen,Urban agglomeration,Estimate - de jure,Final figure; complete,2017,166421,5
Switzerland,2017,Total,Both Sexes,Winterthur,City proper,Estimate - de jure,Final figure; complete,2017,109775,
Switzerland,2017,Total,Both Sexes,Winterthur,Urban agglomeration,Estimate - de jure,Final figure; complete,2017,140227,5
Switzerland,2017,Total,Both Sexes,Zug,City proper,Estimate - de jure,Final figure; complete,2017,29804,
Switzerland,2017,Total,Both Sexes,Zug,Urban agglomeration,Estimate - de jure,Final figure; complete,2017,129062,5
Switzerland,2017,Total,Both Sexes,Zürich,City proper,Estimate - de jure,Final figure; complete,2017,402762,
Switzerland,2017,Total,Both Sexes,Zürich,Urban agglomeration,Estimate - de jure,Final figure; complete,2017,1354140,5
Switzerland,2017,Total,Male,Baden-Brugg,City proper,Estimate - de jure,Final figure; complete,2017,15366,
Switzerland,2017,Total,Male,Baden-Brugg,Urban agglomeration,Estimate - de jure,Final figure; complete,2017,55076,5
Switzerland,2017,Total,Male,Bâle,City proper,Estimate - de jure,Final figure; complete,2017,82865,
Switzerland,2017,Total,Male,Bâle,Urban agglomeration,Estimate - de jure,Final figure; complete,2017,266454,5
Switzerland,2017,Total,Male,BERNE,City proper,Estimate - de jure,Final figure; complete,2017,64167,
Switzerland,2017,Total,Male,BERNE,Urban agglomeration,Estimate - de jure,Final figure; complete,2017,202262,5
Switzerland,2017,Total,Male,Fribourg,City proper,Estimate - de jure,Final figure; complete,2017,19315,
Switzerland,2017,Total,Male,Fribourg,Urban agglomeration,Estimate - de jure,Final figure; complete,2017,54354,5
Switzerland,2017,Total,Male,Genève,City proper,Estimate - de jure,Final figure; complete,2017,95686,
Switzerland,2017,Total,Male,Genève,Urban agglomeration,Estimate - de jure,Final figure; complete,2017,284339,5
Switzerland,2017,Total,Male,Lausanne,City proper,Estimate - de jure,Final figure; complete,2017,66525,
Switzerland,2017,Total,Male,Lausanne,Urban agglomeration,Estimate - de jure,Final figure; complete,2017,204006,5
Switzerland,2017,Total,Male,Lugano,City proper,Estimate - de jure,Final figure; complete,2017,30868,
Switzerland,2017,Total,Male,Lugano,Urban agglomeration,Estimate - de jure,Final figure; complete,2017,73785,5
Switzerland,2017,Total,Male,Luzern,City proper,Estimate - de jure,Final figure; complete,2017,39267,
Switzerland,2017,Total,Male,Luzern,Urban agglomeration,Estimate - de jure,Final figure; complete,2017,112362,5
Switzerland,2017,Total,Male,Olten-Zofingen,City proper,Estimate - de jure,Final figure; complete,2017,14641,
Switzerland,2017,Total,Male,Olten-Zofingen,Urban agglomeration,Estimate - de jure,Final figure; complete,2017,49848,5
Switzerland,2017,Total,Male,St. Gallen,City proper,Estimate - de jure,Final figure; complete,2017,36841,
Switzerland,2017,Total,Male,St. Gallen,Urban agglomeration,Estimate - de jure,Final figure; complete,2017,82193,5
Switzerland,2017,Total,Male,Winterthur,City proper,Estimate - de jure,Final figure; complete,2017,53830,
Switzerland,2017,Total,Male,Winterthur,Urban agglomeration,Estimate - de jure,Final figure; complete,2017,69057,5
Switzerland,2017,Total,Male,Zug,City proper,Estimate - de jure,Final figure; complete,2017,15082,
Switzerland,2017,Total,Male,Zug,Urban agglomeration,Estimate - de jure,Final figure; complete,2017,65297,5
Switzerland,2017,Total,Male,Zürich,City proper,Estimate - de jure,Final figure; complete,2017,200536,
Switzerland,2017,Total,Male,Zürich,Urban agglomeration,Estimate - de jure,Final figure; complete,2017,674775,5
Switzerland,2017,Total,Female,Baden-Brugg,City proper,Estimate - de jure,Final figure; complete,2017,15060,
Switzerland,2017,Total,Female,Baden-Brugg,Urban agglomeration,Estimate - de jure,Final figure; complete,2017,55271,5
Switzerland,2017,Total,Female,Bâle,City proper,Estimate - de jure,Final figure; complete,2017,88152,
Switzerland,2017,Total,Female,Bâle,Urban agglomeration,Estimate - de jure,Final figure; complete,2017,278872,5
Switzerland,2017,Total,Female,BERNE,City proper,Estimate - de jure,Final figure; complete,2017,68948,
Switzerland,2017,Total,Female,BERNE,Urban agglomeration,Estimate - de jure,Final figure; complete,2017,213223,5
Switzerland,2017,Total,Female,Fribourg,City proper,Estimate - de jure,Final figure; complete,2017,19514,
Switzerland,2017,Total,Female,Fribourg,Urban agglomeration,Estimate - de jure,Final figure; complete,2017,54644,5
Switzerland,2017,Total,Female,Genève,City proper,Estimate - de jure,Final figure; complete,2017,103293,
Switzerland,2017,Total,Female,Genève,Urban agglomeration,Estimate - de jure,Final figure; complete,2017,301061,5
Switzerland,2017,Total,Female,Lausanne,City proper,Estimate - de jure,Final figure; complete,2017,71285,
Switzerland,2017,Total,Female,Lausanne,Urban agglomeration,Estimate - de jure,Final figure; complete,2017,211614,5
Switzerland,2017,Total,Female,Lugano,City proper,Estimate - de jure,Final figure; complete,2017,33064,
Switzerland,2017,Total,Female,Lugano,Urban agglomeration,Estimate - de jure,Final figure; complete,2017,77923,5
Switzerland,2017,Total,Female,Luzern,City proper,Estimate - de jure,Final figure; complete,2017,42325,
Switzerland,2017,Total,Female,Luzern,Urban agglomeration,Estimate - de jure,Final figure; complete,2017,115959,5
Switzerland,2017,Total,Female,Olten-Zofingen,City proper,Estimate - de jure,Final figure; complete,2017,15085,
Switzerland,2017,Total,Female,Olten-Zofingen,Urban agglomeration,Estimate - de jure,Final figure; complete,2017,49958,5
Switzerland,2017,Total,Female,St. Gallen,City proper,Estimate - de jure,Final figure; complete,2017,38640,
Switzerland,2017,Total,Female,St. Gallen,Urban agglomeration,Estimate - de jure,Final figure; complete,2017,84228,5
Switzerland,2017,Total,Female,Winterthur,City proper,Estimate - de jure,Final figure; complete,2017,55945,
Switzerland,2017,Total,Female,Winterthur,Urban agglomeration,Estimate - de jure,Final figure; complete,2017,71170,5
Switzerland,2017,Total,Female,Zug,City proper,Estimate - de jure,Final figure; complete,2017,14722,
Switzerland,2017,Total,Female,Zug,Urban agglomeration,Estimate - de jure,Final figure; complete,2017,63765,5
Switzerland,2017,Total,Female,Zürich,City proper,Estimate - de jure,Final figure; complete,2017,202226,
Switzerland,2017,Total,Female,Zürich,Urban agglomeration,Estimate - de jure,Final figure; complete,2017,679365,5
Ukraine,2017,Total,Both Sexes,Alchevsk,City proper,Estimate - de jure,Final figure; complete,2017,108754,
Ukraine,2017,Total,Both Sexes,Bila Tserkva,City proper,Estimate - de jure,Final figure; complete,2017,203816,
Ukraine,2017,Total,Both Sexes,Berdyansk,City proper,Estimate - de jure,Final figure; complete,2017,113354,
Ukraine,2017,Total,Both Sexes,Berdyansk,Urban agglomeration,Estimate - de jure,Final figure; complete,2017,116416,
Ukraine,2017,Total,Both Sexes,Cherkasy,City proper,Estimate - de jure,Final figure; complete,2017,279074,
Ukraine,2017,Total,Both Sexes,Cherkasy,Urban agglomeration,Estimate - de jure,Final figure; complete,2017,279972,
Ukraine,2017,Total,Both Sexes,Chernihiv,City proper,Estimate - de jure,Final figure; complete,2017,285821,
Ukraine,2017,Total,Both Sexes,Chernivtsi,City proper,Estimate - de jure,Final figure; complete,2017,262276,
Ukraine,2017,Total,Both Sexes,Dniprodzerzhynsk,City proper,Estimate - de jure,Final figure; complete,2017,236694,
Ukraine,2017,Total,Both Sexes,Dniprodzerzhynsk,Urban agglomeration,Estimate - de jure,Final figure; complete,2017,243643,
Ukraine,2017,Total,Both Sexes,Dnepropetrovsk,City proper,Estimate - de jure,Final figure; complete,2017,966400,
Ukraine,2017,Total,Both Sexes,Dnepropetrovsk,Urban agglomeration,Estimate - de jure,Final figure; complete,2017,968811,
Ukraine,2017,Total,Both Sexes,Donets'k,City proper,Estimate - de jure,Final figure; complete,2017,918536,
Ukraine,2017,Total,Both Sexes,Donets'k,Urban agglomeration,Estimate - de jure,Final figure; complete,2017,934413,
Ukraine,2017,Total,Both Sexes,Enakievo (Yenakievo),City proper,Estimate - de jure,Final figure; complete,2017,79660,
Ukraine,2017,Total,Both Sexes,Enakievo (Yenakievo),Urban agglomeration,Estimate - de jure,Final figure; complete,2017,107773,
Ukraine,2017,Total,Both Sexes,Gorlivka,City proper,Estimate - de jure,Final figure; complete,2017,245746,
Ukraine,2017,Total,Both Sexes,Gorlivka,Urban agglomeration,Estimate - de jure,Final figure; complete,2017,262473,
Ukraine,2017,Total,Both Sexes,Ivano-Frankivsk,City proper,Estimate - de jure,Final figure; complete,2017,230507,
Ukraine,2017,Total,Both Sexes,Ivano-Frankivsk,Urban agglomeration,Estimate - de jure,Final figure; complete,2017,251760,
Ukraine,2017,Total,Both Sexes,Kamenets Podolsky,City proper,Estimate - de jure,Final figure; complete,2017,99758,
Ukraine,2017,Total,Both Sexes,Kharkiv,City proper,Estimate - de jure,Final figure; complete,2017,1419469,
Ukraine,2017,Total,Both Sexes,Kherson,City proper,Estimate - de jure,Final figure; complete,2017,289697,
Ukraine,2017,Total,Both Sexes,Kherson,Urban agglomeration,Estimate - de jure,Final figure; complete,2017,326978,
Ukraine,2017,Total,Both Sexes,Khmelnitsky (Hmilnyk),City proper,Estimate - de jure,Final figure; complete,2017,265693,
Ukraine,2017,Total,Both Sexes,KYIV,City proper,Estimate - de jure,Final figure; complete,2017,2884453,
Ukraine,2017,Total,Both Sexes,Kirovograd,City proper,Estimate - de jure,Final figure; complete,2017,226491,
Ukraine,2017,Total,Both Sexes,Kirovograd,Urban agglomeration,Estimate - de jure,Final figure; complete,2017,234537,
Ukraine,2017,Total,Both Sexes,Kramatorsk,City proper,Estimate - de jure,Final figure; complete,2017,157175,
Ukraine,2017,Total,Both Sexes,Kramatorsk,Urban agglomeration,Estimate - de jure,Final figure; complete,2017,190288,
Ukraine,2017,Total,Both Sexes,Krasny Lutch,City proper,Estimate - de jure,Final figure; complete,2017,81343,
Ukraine,2017,Total,Both Sexes,Krasny Lutch,Urban agglomeration,Estimate - de jure,Final figure; complete,2017,121592,
Ukraine,2017,Total,Both Sexes,Krementchug,City proper,Estimate - de jure,Final figure; complete,2017,221345,
Ukraine,2017,Total,Both Sexes,Krivoy Rog,City proper,Estimate - de jure,Final figure; complete,2017,634780,
Ukraine,2017,Total,Both Sexes,Krivoy Rog,Urban agglomeration,Estimate - de jure,Final figure; complete,2017,637550,
Ukraine,2017,Total,Both Sexes,Lugansk,City proper,Estimate - de jure,Final figure; complete,2017,409895,
Ukraine,2017,Total,Both Sexes,Lugansk,Urban agglomeration,Estimate - de jure,Final figure; complete,2017,435828,
Ukraine,2017,Total,Both Sexes,Luts'k,City proper,Estimate - de jure,Final figure; complete,2017,213950,
Ukraine,2017,Total,Both Sexes,Lviv,City proper,Estimate - de jure,Final figure; complete,2017,721301,
Ukraine,2017,Total,Both Sexes,Lviv,Urban agglomeration,Estimate - de jure,Final figure; complete,2017,750632,
Ukraine,2017,Total,Both Sexes,Lysychansk,City proper,Estimate - de jure,Final figure; complete,2017,99598,
Ukraine,2017,Total,Both Sexes,Lysychansk,Urban agglomeration,Estimate - de jure,Final figure; complete,2017,114436,
Ukraine,2017,Total,Both Sexes,Makijivka,City proper,Estimate - de jure,Final figure; complete,2017,345685,
Ukraine,2017,Total,Both Sexes,Makijivka,Urban agglomeration,Estimate - de jure,Final figure; complete,2017,383454,
Ukraine,2017,Total,Both Sexes,Mariupol,City proper,Estimate - de jure,Final figure; complete,2017,446103,
Ukraine,2017,Total,Both Sexes,Mariupol,Urban agglomeration,Estimate - de jure,Final figure; complete,2017,467552,
Ukraine,2017,Total,Both Sexes,Melitopol,City proper,Estimate - de jure,Final figure; complete,2017,154839,
Ukraine,2017,Total,Both Sexes,Nikolaev,City proper,Estimate - de jure,Final figure; complete,2017,486267,
Ukraine,2017,Total,Both Sexes,Nikopol,City proper,Estimate - de jure,Final figure; complete,2017,115943,
Ukraine,2017,Total,Both Sexes,Odessa,City proper,Estimate - de jure,Final figure; complete,2017,993120,
Ukraine,2017,Total,Both Sexes,Pavlograd,City proper,Estimate - de jure,Final figure; complete,2017,108685,
Ukraine,2017,Total,Both Sexes,Poltava,City proper,Estimate - de jure,Final figure; complete,2017,284942,
Ukraine,2017,Total,Both Sexes,Rivne,City proper,Estimate - de jure,Final figure; complete,2017,243934,
Ukraine,2017,Total,Both Sexes,Sievierodonetsk,City proper,Estimate - de jure,Final figure; complete,2017,106513,
Ukraine,2017,Total,Both Sexes,Sievierodonetsk,Urban agglomeration,Estimate - de jure,Final figure; complete,2017,116795,
Ukraine,2017,Total,Both Sexes,Slovyansk,City proper,Estimate - de jure,Final figure; complete,2017,111084,
Ukraine,2017,Total,Both Sexes,Slovyansk,Urban agglomeration,Estimate - de jure,Final figure; complete,2017,114260,
Ukraine,2017,Total,Both Sexes,Stakhanov,City proper,Estimate - de jure,Final figure; complete,2017,75856,
Ukraine,2017,Total,Both Sexes,Stakhanov,Urban agglomeration,Estimate - de jure,Final figure; complete,2017,89916,
Ukraine,2017,Total,Both Sexes,Sumy,City proper,Estimate - de jure,Final figure; complete,2017,264753,
Ukraine,2017,Total,Both Sexes,Sumy,Urban agglomeration,Estimate - de jure,Final figure; complete,2017,267666,
Ukraine,2017,Total,Both Sexes,Ternopil,City proper,Estimate - de jure,Final figure; complete,2017,216384,
Ukraine,2017,Total,Both Sexes,Uzhhorod,City proper,Estimate - de jure,Final figure; complete,2017,112447,
Ukraine,2017,Total,Both Sexes,Vinnitsa,City proper,Estimate - de jure,Final figure; complete,2017,370834,
Ukraine,2017,Total,Both Sexes,Zaporozhye,City proper,Estimate - de jure,Final figure; complete,2017,746749,
Ukraine,2017,Total,Both Sexes,Zhytomyr,City proper,Estimate - de jure,Final figure; complete,2017,266106,
Ukraine,2017,Total,Male,Alchevsk,City proper,Estimate - de jure,Final figure; complete,2017,49859,
Ukraine,2017,Total,Male,Bila Tserkva,City proper,Estimate - de jure,Final figure; complete,2017,94075,
Ukraine,2017,Total,Male,Berdyansk,City proper,Estimate - de jure,Final figure; complete,2017,50093,
Ukraine,2017,Total,Male,Berdyansk,Urban agglomeration,Estimate - de jure,Final figure; complete,2017,51555,
Ukraine,2017,Total,Male,Cherkasy,City proper,Estimate - de jure,Final figure; complete,2017,127449,
Ukraine,2017,Total,Male,Cherkasy,Urban agglomeration,Estimate - de jure,Final figure; complete,2017,127923,
Ukraine,2017,Total,Male,Chernihiv,City proper,Estimate - de jure,Final figure; complete,2017,131285,
Ukraine,2017,Total,Male,Chernivtsi,City proper,Estimate - de jure,Final figure; complete,2017,120248,
Ukraine,2017,Total,Male,Dniprodzerzhynsk,City proper,Estimate - de jure,Final figure; complete,2017,106410,
Ukraine,2017,Total,Male,Dniprodzerzhynsk,Urban agglomeration,Estimate - de jure,Final figure; complete,2017,109547,
Ukraine,2017,Total,Male,Dnepropetrovsk,City proper,Estimate - de jure,Final figure; complete,2017,439549,
Ukraine,2017,Total,Male,Dnepropetrovsk,Urban agglomeration,Estimate - de jure,Final figure; complete,2017,440721,
Ukraine,2017,Total,Male,Donets'k,City proper,Estimate - de jure,Final figure; complete,2017,406250,
Ukraine,2017,Total,Male,Donets'k,Urban agglomeration,Estimate - de jure,Final figure; complete,2017,413463,
Ukraine,2017,Total,Male,Enakievo (Yenakievo),City proper,Estimate - de jure,Final figure; complete,2017,35319,
Ukraine,2017,Total,Male,Enakievo (Yenakievo),Urban agglomeration,Estimate - de jure,Final figure; complete,2017,47970,
Ukraine,2017,Total,Male,Gorlivka,City proper,Estimate - de jure,Final figure; complete,2017,110092,
Ukraine,2017,Total,Male,Gorlivka,Urban agglomeration,Estimate - de jure,Final figure; complete,2017,117595,
Ukraine,2017,Total,Male,Ivano-Frankivsk,City proper,Estimate - de jure,Final figure; complete,2017,108022,
Ukraine,2017,Total,Male,Ivano-Frankivsk,Urban agglomeration,Estimate - de jure,Final figure; complete,2017,117642,
Ukraine,2017,Total,Male,Kamenets Podolsky,City proper,Estimate - de jure,Final figure; complete,2017,46426,
Ukraine,2017,Total,Male,Kharkiv,City proper,Estimate - de jure,Final figure; complete,2017,658110,
Ukraine,2017,Total,Male,Kherson,City proper,Estimate - de jure,Final figure; complete,2017,130015,
Ukraine,2017,Total,Male,Kherson,Urban agglomeration,Estimate - de jure,Final figure; complete,2017,147474,
Ukraine,2017,Total,Male,Khmelnitsky (Hmilnyk),City proper,Estimate - de jure,Final figure; complete,2017,122535,
Ukraine,2017,Total,Male,KYIV,City proper,Estimate - de jure,Final figure; complete,2017,1334408,
Ukraine,2017,Total,Male,Kirovograd,City proper,Estimate - de jure,Final figure; complete,2017,102887,
Ukraine,2017,Total,Male,Kirovograd,Urban agglomeration,Estimate - de jure,Final figure; complete,2017,106547,
Ukraine,2017,Total,Male,Kramatorsk,City proper,Estimate - de jure,Final figure; complete,2017,69979,
Ukraine,2017,Total,Male,Kramatorsk,Urban agglomeration,Estimate - de jure,Final figure; complete,2017,85392,
Ukraine,2017,Total,Male,Krasny Lutch,City proper,Estimate - de jure,Final figure; complete,2017,37657,
Ukraine,2017,Total,Male,Krasny Lutch,Urban agglomeration,Estimate - de jure,Final figure; complete,2017,56510,
Ukraine,2017,Total,Male,Krementchug,City proper,Estimate - de jure,Final figure; complete,2017,100410,
Ukraine,2017,Total,Male,Krivoy Rog,City proper,Estimate - de jure,Final figure; complete,2017,285421,
Ukraine,2017,Total,Male,Krivoy Rog,Urban agglomeration,Estimate - de jure,Final figure; complete,2017,286822,
Ukraine,2017,Total,Male,Lugansk,City proper,Estimate - de jure,Final figure; complete,2017,182356,
Ukraine,2017,Total,Male,Lugansk,Urban agglomeration,Estimate - de jure,Final figure; complete,2017,194638,
Ukraine,2017,Total,Male,Luts'k,City proper,Estimate - de jure,Final figure; complete,2017,96373,
Ukraine,2017,Total,Male,Lviv,City proper,Estimate - de jure,Final figure; complete,2017,337327,
Ukraine,2017,Total,Male,Lviv,Urban agglomeration,Estimate - de jure,Final figure; complete,2017,351125,
Ukraine,2017,Total,Male,Lysychansk,City proper,Estimate - de jure,Final figure; complete,2017,44882,
Ukraine,2017,Total,Male,Lysychansk,Urban agglomeration,Estimate - de jure,Final figure; complete,2017,51634,
Ukraine,2017,Total,Male,Makijivka,City proper,Estimate - de jure,Final figure; complete,2017,155606,
Ukraine,2017,Total,Male,Makijivka,Urban agglomeration,Estimate - de jure,Final figure; complete,2017,173112,
Ukraine,2017,Total,Male,Mariupol,City proper,Estimate - de jure,Final figure; complete,2017,202582,
Ukraine,2017,Total,Male,Mariupol,Urban agglomeration,Estimate - de jure,Final figure; complete,2017,212610,
Ukraine,2017,Total,Male,Melitopol,City proper,Estimate - de jure,Final figure; complete,2017,70039,
Ukraine,2017,Total,Male,Nikolaev,City proper,Estimate - de jure,Final figure; complete,2017,220844,
Ukraine,2017,Total,Male,Nikopol,City proper,Estimate - de jure,Final figure; complete,2017,51555,
Ukraine,2017,Total,Male,Odessa,City proper,Estimate - de jure,Final figure; complete,2017,464431,
Ukraine,2017,Total,Male,Pavlograd,City proper,Estimate - de jure,Final figure; complete,2017,49768,
Ukraine,2017,Total,Male,Poltava,City proper,Estimate - de jure,Final figure; complete,2017,131571,
Ukraine,2017,Total,Male,Rivne,City proper,Estimate - de jure,Final figure; complete,2017,111964,
Ukraine,2017,Total,Male,Sievierodonetsk,City proper,Estimate - de jure,Final figure; complete,2017,47265,
Ukraine,2017,Total,Male,Sievierodonetsk,Urban agglomeration,Estimate - de jure,Final figure; complete,2017,52176,
Ukraine,2017,Total,Male,Slovyansk,City proper,Estimate - de jure,Final figure; complete,2017,48276,
Ukraine,2017,Total,Male,Slovyansk,Urban agglomeration,Estimate - de jure,Final figure; complete,2017,49740,
Ukraine,2017,Total,Male,Stakhanov,City proper,Estimate - de jure,Final figure; complete,2017,33392,
Ukraine,2017,Total,Male,Stakhanov,Urban agglomeration,Estimate - de jure,Final figure; complete,2017,39714,
Ukraine,2017,Total,Male,Sumy,City proper,Estimate - de jure,Final figure; complete,2017,119288,
Ukraine,2017,Total,Male,Sumy,Urban agglomeration,Estimate - de jure,Final figure; complete,2017,120696,
Ukraine,2017,Total,Male,Ternopil,City proper,Estimate - de jure,Final figure; complete,2017,100016,
Ukraine,2017,Total,Male,Uzhhorod,City proper,Estimate - de jure,Final figure; complete,2017,52217,
Ukraine,2017,Total,Male,Vinnitsa,City proper,Estimate - de jure,Final figure; complete,2017,169761,
Ukraine,2017,Total,Male,Zaporozhye,City proper,Estimate - de jure,Final figure; complete,2017,337378,
Ukraine,2017,Total,Male,Zhytomyr,City proper,Estimate - de jure,Final figure; complete,2017,122713,
Ukraine,2017,Total,Female,Alchevsk,City proper,Estimate - de jure,Final figure; complete,2017,58895,
Ukraine,2017,Total,Female,Bila Tserkva,City proper,Estimate - de jure,Final figure; complete,2017,109741,
Ukraine,2017,Total,Female,Berdyansk,City proper,Estimate - de jure,Final figure; complete,2017,63261,
Ukraine,2017,Total,Female,Berdyansk,Urban agglomeration,Estimate - de jure,Final figure; complete,2017,64861,
Ukraine,2017,Total,Female,Cherkasy,City proper,Estimate - de jure,Final figure; complete,2017,151625,
Ukraine,2017,Total,Female,Cherkasy,Urban agglomeration,Estimate - de jure,Final figure; complete,2017,152049,
Ukraine,2017,Total,Female,Chernihiv,City proper,Estimate - de jure,Final figure; complete,2017,154536,
Ukraine,2017,Total,Female,Chernivtsi,City proper,Estimate - de jure,Final figure; complete,2017,142028,
Ukraine,2017,Total,Female,Dniprodzerzhynsk,City proper,Estimate - de jure,Final figure; complete,2017,130284,
Ukraine,2017,Total,Female,Dniprodzerzhynsk,Urban agglomeration,Estimate - de jure,Final figure; complete,2017,134096,
Ukraine,2017,Total,Female,Dnepropetrovsk,City proper,Estimate - de jure,Final figure; complete,2017,526851,
Ukraine,2017,Total,Female,Dnepropetrovsk,Urban agglomeration,Estimate - de jure,Final figure; complete,2017,528090,
Ukraine,2017,Total,Female,Donets'k,City proper,Estimate - de jure,Final figure; complete,2017,512286,
Ukraine,2017,Total,Female,Donets'k,Urban agglomeration,Estimate - de jure,Final figure; complete,2017,520950,
Ukraine,2017,Total,Female,Enakievo (Yenakievo),City proper,Estimate - de jure,Final figure; complete,2017,44341,
Ukraine,2017,Total,Female,Enakievo (Yenakievo),Urban agglomeration,Estimate - de jure,Final figure; complete,2017,59803,
Ukraine,2017,Total,Female,Gorlivka,City proper,Estimate - de jure,Final figure; complete,2017,135654,
Ukraine,2017,Total,Female,Gorlivka,Urban agglomeration,Estimate - de jure,Final figure; complete,2017,144878,
Ukraine,2017,Total,Female,Ivano-Frankivsk,City proper,Estimate - de jure,Final figure; complete,2017,122485,
Ukraine,2017,Total,Female,Ivano-Frankivsk,Urban agglomeration,Estimate - de jure,Final figure; complete,2017,134118,
Ukraine,2017,Total,Female,Kamenets Podolsky,City proper,Estimate - de jure,Final figure; complete,2017,53332,
Ukraine,2017,Total,Female,Kharkiv,City proper,Estimate - de jure,Final figure; complete,2017,761359,
Ukraine,2017,Total,Female,Kherson,City proper,Estimate - de jure,Final figure; complete,2017,159682,
Ukraine,2017,Total,Female,Kherson,Urban agglomeration,Estimate - de jure,Final figure; complete,2017,179504,
Ukraine,2017,Total,Female,Khmelnitsky (Hmilnyk),City proper,Estimate - de jure,Final figure; complete,2017,143158,
Ukraine,2017,Total,Female,KYIV,City proper,Estimate - de jure,Final figure; complete,2017,1550045,
Ukraine,2017,Total,Female,Kirovograd,City proper,Estimate - de jure,Final figure; complete,2017,123604,
Ukraine,2017,Total,Female,Kirovograd,Urban agglomeration,Estimate - de jure,Final figure; complete,2017,127990,
Ukraine,2017,Total,Female,Kramatorsk,City proper,Estimate - de jure,Final figure; complete,2017,87196,
Ukraine,2017,Total,Female,Kramatorsk,Urban agglomeration,Estimate - de jure,Final figure; complete,2017,104896,
Ukraine,2017,Total,Female,Krasny Lutch,City proper,Estimate - de jure,Final figure; complete,2017,43686,
Ukraine,2017,Total,Female,Krasny Lutch,Urban agglomeration,Estimate - de jure,Final figure; complete,2017,65082,
Ukraine,2017,Total,Female,Krementchug,City proper,Estimate - de jure,Final figure; complete,2017,120935,
Ukraine,2017,Total,Female,Krivoy Rog,City proper,Estimate - de jure,Final figure; complete,2017,349359,
Ukraine,2017,Total,Female,Krivoy Rog,Urban agglomeration,Estimate - de jure,Final figure; complete,2017,350728,
Ukraine,2017,Total,Female,Lugansk,City proper,Estimate - de jure,Final figure; complete,2017,227539,
Ukraine,2017,Total,Female,Lugansk,Urban agglomeration,Estimate - de jure,Final figure; complete,2017,241190,
Ukraine,2017,Total,Female,Luts'k,City proper,Estimate - de jure,Final figure; complete,2017,117577,
Ukraine,2017,Total,Female,Lviv,City proper,Estimate - de jure,Final figure; complete,2017,383974,
Ukraine,2017,Total,Female,Lviv,Urban agglomeration,Estimate - de jure,Final figure; complete,2017,399507,
Ukraine,2017,Total,Female,Lysychansk,City proper,Estimate - de jure,Final figure; complete,2017,54716,
Ukraine,2017,Total,Female,Lysychansk,Urban agglomeration,Estimate - de jure,Final figure; complete,2017,62802,
Ukraine,2017,Total,Female,Makijivka,City proper,Estimate - de jure,Final figure; complete,2017,190079,
Ukraine,2017,Total,Female,Makijivka,Urban agglomeration,Estimate - de jure,Final figure; complete,2017,210342,
Ukraine,2017,Total,Female,Mariupol,City proper,Estimate - de jure,Final figure; complete,2017,243521,
Ukraine,2017,Total,Female,Mariupol,Urban agglomeration,Estimate - de jure,Final figure; complete,2017,254942,
Ukraine,2017,Total,Female,Melitopol,City proper,Estimate - de jure,Final figure; complete,2017,84800,
Ukraine,2017,Total,Female,Nikolaev,City proper,Estimate - de jure,Final figure; complete,2017,265423,
Ukraine,2017,Total,Female,Nikopol,City proper,Estimate - de jure,Final figure; complete,2017,64388,
Ukraine,2017,Total,Female,Odessa,City proper,Estimate - de jure,Final figure; complete,2017,528689,
Ukraine,2017,Total,Female,Pavlograd,City proper,Estimate - de jure,Final figure; complete,2017,58917,
Ukraine,2017,Total,Female,Poltava,City proper,Estimate - de jure,Final figure; complete,2017,153371,
Ukraine,2017,Total,Female,Rivne,City proper,Estimate - de jure,Final figure; complete,2017,131970,
Ukraine,2017,Total,Female,Sievierodonetsk,City proper,Estimate - de jure,Final figure; complete,2017,59248,
Ukraine,2017,Total,Female,Sievierodonetsk,Urban agglomeration,Estimate - de jure,Final figure; complete,2017,64619,
Ukraine,2017,Total,Female,Slovyansk,City proper,Estimate - de jure,Final figure; complete,2017,62808,
Ukraine,2017,Total,Female,Slovyansk,Urban agglomeration,Estimate - de jure,Final figure; complete,2017,64520,
Ukraine,2017,Total,Female,Stakhanov,City proper,Estimate - de jure,Final figure; complete,2017,42464,
Ukraine,2017,Total,Female,Stakhanov,Urban agglomeration,Estimate - de jure,Final figure; complete,2017,50202,
Ukraine,2017,Total,Female,Sumy,City proper,Estimate - de jure,Final figure; complete,2017,145465,
Ukraine,2017,Total,Female,Sumy,Urban agglomeration,Estimate - de jure,Final figure; complete,2017,146970,
Ukraine,2017,Total,Female,Ternopil,City proper,Estimate - de jure,Final figure; complete,2017,116368,
Ukraine,2017,Total,Female,Uzhhorod,City proper,Estimate - de jure,Final figure; complete,2017,60230,
Ukraine,2017,Total,Female,Vinnitsa,City proper,Estimate - de jure,Final figure; complete,2017,201073,
Ukraine,2017,Total,Female,Zaporozhye,City proper,Estimate - de jure,Final figure; complete,2017,409371,
Ukraine,2017,Total,Female,Zhytomyr,City proper,Estimate - de jure,Final figure; complete,2017,143393,
Uruguay,2017,Total,Both Sexes,MONTEVIDEO,City proper,Estimate - de jure,Final figure; complete,2017,1381227.594,6;7
Uruguay,2017,Total,Male,MONTEVIDEO,City proper,Estimate - de jure,Final figure; complete,2017,649773.8629,6;7
Uruguay,2017,Total,Female,MONTEVIDEO,City proper,Estimate - de jure,Final figure; complete,2017,731453.7315,6;7
,,,,,,,,,,
footnoteSeqID,Footnote,,,,,,,,,
1,Data exclude the population of the cities of Puente Alto and San Bernardo.,,,,,,,,,
2,"Data refers to cantons"" rather than to cities.""",,,,,,,,,
3,Population statistics are compiled from registers.,,,,,,,,,
4,Excluding Faeroe Islands and Greenland shown separately; if available.,,,,,,,,,
5,From 2015; urban refers to urban centers and areas under the influence of urban centers.,,,,,,,,,
6,Data refer to the department of Montevideo.,,,,,,,,,
7,Data refer to national projections.,,,,,,,,,